dataset,runtime,auc
1,13.25102,0.987
2,13.61307,0.9863
3,12.93699,0.9861
4,13.11016,0.9867
5,12.40306,0.9861
